"","p_val","avg_log2FC","pct.1","pct.2","p_val_adj"
"Sri",0,0.48624597668242,0.64,0.458,0
"Sema3c",0,0.563826327932229,0.705,0.566,0
"Srpk2",0,0.476203943245552,0.458,0.293,0
"Fastk",0,0.442707246820293,0.688,0.514,0
"Agap3",0,0.488021388593603,0.651,0.469,0
"Rnf32",0,0.649783313268741,0.508,0.352,0
"Preb",0,0.416801968908693,0.617,0.452,0
"Gtf3c2",0,0.470225705959012,0.804,0.632,0
"Krtcap3",0,0.405610507703849,0.797,0.653,0
"Fam193a",0,0.448727900336687,0.541,0.364,0
"Add1",0,0.452235510677407,0.622,0.448,0
"Rgs12",0,0.603791062505198,0.452,0.265,0
"Sorcs2",0,0.652981970340085,0.596,0.433,0
"Dhx15",0,0.417224717884049,0.648,0.478,0
"Fryl",0,0.501220563500328,0.674,0.499,0
"Exoc1",0,0.524350399841167,0.552,0.357,0
"Ankrd17",0,0.418999478930554,0.655,0.487,0
"Hnrnpd",0,0.431229436901791,0.733,0.568,0
"Sec31a",0,0.41205335495587,0.612,0.445,0
"Coq2",0,0.469917053101333,0.468,0.297,0
"Gtpbp6",0,0.464757169140668,0.576,0.398,0
"Chfr",0,0.499569130090967,0.555,0.368,0
"Fbrsl1",0,0.45736164918646,0.455,0.289,0
"Git2",0,0.567011937444567,0.51,0.31,0
"Rnf10",0,0.499403935614639,0.757,0.585,0
"Gcn1",0,0.42657095810553,0.674,0.501,0
"Suds3",0,0.445826432264506,0.634,0.453,0
"Trafd1",0,0.527729950963162,0.537,0.369,0
"Atp2a2",0,0.373769203159088,0.743,0.598,0
"Rsrc2",0,0.428997526540215,0.77,0.604,0
"Hip1r",0,0.425298447294938,0.629,0.467,0
"Ncor2",0,0.471569282257463,0.74,0.56,0
"Sfswap",0,0.500310633675467,0.644,0.451,0
"Gtf2i",0,0.562939679116885,0.757,0.581,0
"Abhd11",0,0.452205764820613,0.695,0.529,0
"Fis1",0,0.448820386225868,0.502,0.334,0
"Srrt",0,0.41958518603708,0.826,0.685,0
"Gigyf1",0,0.527182683876541,0.828,0.657,0
"Pcolce",0,0.776260580457367,0.435,0.27,0
"Lrch4",0,0.462657771070143,0.807,0.666,0
"Sap25",0,0.485047016062664,0.548,0.382,0
"Pdgfa",0,0.584629382816851,0.596,0.437,0
"Sun1",0,0.447538764856646,0.504,0.333,0
"Trrap",0,0.468085050707139,0.591,0.413,0
"Smurf1",0,0.450857939793023,0.423,0.262,0
"Zfp655",0,0.44738523535504,0.576,0.408,0
"Nrbp1",1.36064415207443e-307,0.426561293705275,0.51,0.346,2.45990856253537e-303
"Wdfy3",1.71154013217699e-306,0.418514094231546,0.537,0.379,3.09429340496277e-302
"Med13l",3.16264084080646e-306,0.391685517881702,0.683,0.528,5.717738376094e-302
"Rbm33",2.78224920729191e-299,0.366637028563953,0.714,0.566,5.03002834186305e-295
"Cdk5",2.63700928416602e-298,0.418021356585891,0.526,0.365,4.76744908484375e-294
"Htt",5.55216133073706e-298,0.406122759518674,0.533,0.372,1.00377524698395e-293
"Muc13",9.80550915455705e-291,-0.543414600356623,0.557,0.69,1.77273800005237e-286
"Atp6v0a2",1.87419802006099e-290,0.404307812571532,0.47,0.311,3.38836260046826e-286
"Fbxw8",7.46326768674313e-289,0.382482292573081,0.546,0.384,1.34928416508629e-284
"Baiap2l1",6.47480086557063e-288,0.429193040343754,0.539,0.382,1.17057924848651e-283
"Anapc4",3.35135682086586e-287,0.411753660915296,0.427,0.274,6.0589179964434e-283
"Ccnd2",5.00479398254856e-287,-0.58695051749765,0.387,0.522,9.04816704104953e-283
"Fip1l1",8.00951109901488e-286,0.395248585575443,0.489,0.33,1.4480395115909e-281
"Ube3c",3.04209220268211e-285,0.413514386312459,0.417,0.265,5.49979849322898e-281
"Mapre3",3.91998636484306e-285,0.44122449166254,0.264,0.138,7.08694334899976e-281
"Lrrc66",1.41521215934955e-281,0.526725589691593,0.461,0.319,2.55856206288806e-277
"Srsf9",1.25610195177364e-280,0.394168197335046,0.546,0.39,2.27090671861156e-276
"Atg9b",3.00144038345274e-280,0.506146018218257,0.821,0.774,5.4263040692442e-276
"Cdk8",2.81665864733282e-277,0.4145213868176,0.48,0.331,5.092237168513e-273
"Vps37b",5.83971006193834e-277,0.41560787953485,0.433,0.284,1.05576118209783e-272
"Guf1",8.82204186937997e-275,0.403348800757634,0.388,0.243,1.5949369495652e-270
"Slc4a2",2.89555821804445e-273,0.338346030245592,0.788,0.662,5.23487970240256e-269
"Fam20c",4.15702264322066e-273,0.61537982325681,0.37,0.235,7.51548123667864e-269
"Zfp326",9.20074183426589e-273,0.403772970050887,0.401,0.255,1.66340211621693e-268
"Bri3",8.24226766282664e-271,0.397612645458405,0.447,0.299,1.49011957076243e-266
"Pan3",7.75838543408582e-270,0.390712679079797,0.527,0.371,1.40263850262838e-265
"Tchp",9.13259033293899e-270,0.411468299470411,0.369,0.228,1.65108100629204e-265
"Mprip",2.24212428274316e-268,0.29046165666217,0.946,0.913,4.05353649077136e-264
"Babam2",8.85087607161542e-268,0.411447606528389,0.515,0.364,1.60014988498735e-263
"Twist1",3.5954646705878e-267,0.526529645236212,0.366,0.228,6.50024057795568e-263
"Kmt2e",3.16514360136619e-264,0.396089609227748,0.533,0.384,5.72226311690993e-260
"Bcl7a",2.24149097946272e-263,0.409177869841656,0.521,0.371,4.05239154177065e-259
"Ctbp1",2.13473331996044e-262,0.383589396051185,0.491,0.342,3.85938436915648e-258
"Akap9",3.700670381971e-262,0.391243210771557,0.469,0.32,6.69044198356538e-258
"Ints1",1.18377946576987e-258,0.383100358613605,0.505,0.357,2.14015489616534e-254
"Nipsnap2",4.98974939976087e-255,0.395863161446401,0.336,0.202,9.02096793982767e-251
"Rassf6",7.65098873347399e-255,0.422507928511427,0.529,0.38,1.38322225312476e-250
"Pkd2",1.49702020633352e-250,0.364143414510079,0.534,0.383,2.70646283103037e-246
"Baz1b",2.31050596029347e-250,0.406262207108433,0.484,0.343,4.17716372561457e-246
"Btbd8",9.33276104852071e-250,0.393309170210656,0.285,0.162,1.68726986996206e-245
"Grsf1",8.95444562241737e-249,0.371487785885934,0.435,0.291,1.61887422407684e-244
"Tnrc18",1.37157165514778e-246,0.354807249481621,0.678,0.547,2.47966439534167e-242
"Cnot6l",2.33294017116013e-246,0.3853283479234,0.482,0.337,4.2177225354404e-242
"Ulk1",1.06384158660754e-244,0.369970866186777,0.538,0.39,1.92331920442778e-240
"D5Ertd579e",1.45427271997827e-244,0.39346252249993,0.388,0.254,2.62917965044872e-240
"Tctn1",1.59039138147946e-244,0.382632392214429,0.373,0.238,2.87526857857672e-240
"Atxn2",1.60052877351192e-244,0.379097367407117,0.385,0.249,2.8935959696322e-240
"Rnf4",5.37208202688763e-244,0.343975046463058,0.628,0.478,9.71218709641015e-240
"Hectd4",6.6657514755316e-244,0.362010656693778,0.414,0.274,1.20510120926136e-239
"Galnt11",4.34515691612037e-243,0.360161816395442,0.267,0.148,7.85560918865402e-239
"Tecpr1",2.96437186822233e-239,0.404747254952483,0.368,0.235,5.35928790055916e-235
"Maea",6.14544345556066e-239,0.35715326416681,0.477,0.333,1.11103472233081e-234
"Hs3st1",6.19463635888185e-239,0.506518619610133,0.399,0.269,1.11992830732225e-234
"Dnajb6",1.05979143204313e-238,0.360626004204892,0.53,0.383,1.91599692999078e-234
"Srp72",1.74114457082346e-238,0.380602445873375,0.434,0.292,3.14781526959173e-234
"Sart3",2.95391117704551e-237,0.357397234627228,0.505,0.357,5.34037601698057e-233
"Chpf2",5.85208027631718e-236,0.366676609992304,0.377,0.243,1.05799759315538e-231
"Eif3b",7.20158881068092e-236,0.37789063424653,0.39,0.255,1.301975241083e-231
"Rab35",1.14118876674264e-233,0.369667886507464,0.375,0.242,2.06315517139403e-229
"Smim14",5.02328409156409e-233,0.388511747249866,0.381,0.247,9.08159530913872e-229
"Nub1",3.89527293974842e-232,0.371133104027065,0.401,0.266,7.04226394777118e-228
"Tpcn1",1.04116015131152e-231,0.38948725254422,0.418,0.285,1.8823134375561e-227
"G3bp2",9.39209761439833e-231,0.35530403979475,0.485,0.342,1.69799732770707e-226
"Plbd2",1.83595022582067e-230,0.370805544632492,0.349,0.221,3.31921441326118e-226
"Ywhag",1.85562966242323e-230,0.360492251448691,0.661,0.524,3.35479286669495e-226
"Idua",2.19146238448331e-230,0.372619635493056,0.321,0.196,3.96194484490738e-226
"Fosl2",1.21329293371179e-229,0.41353315240091,0.73,0.63,2.19351229485755e-225
"Clip1",1.55204104969449e-227,0.377051420380133,0.408,0.273,2.80593501374267e-223
"Dgkq",1.45771075246046e-226,0.368231493827636,0.393,0.261,2.63539526937327e-222
"Ube3b",1.04730753618009e-222,0.351245262520071,0.432,0.296,1.89342729465999e-218
"Sema3f",3.79635314235918e-222,0.38979129563109,0.604,0.468,6.86342684607115e-218
"Ythdc1",1.39636654669151e-221,0.358121658686434,0.452,0.316,2.52449107976357e-217
"Acads",4.32446907542011e-220,0.356800999257547,0.36,0.232,7.81820764145202e-216
"Por",4.71947075619145e-218,0.405527168976149,0.395,0.267,8.53233118011852e-214
"Lrpap1",1.03172982691396e-216,0.358369888655546,0.36,0.233,1.86526435407776e-212
"Erp29",1.92492636897254e-216,0.357625071631562,0.509,0.376,3.48007438246546e-212
"Arl6ip4",2.20448002427893e-215,0.351941434821593,0.459,0.323,3.98547943589387e-211
"Ep400",4.00571679411882e-215,0.34366326774284,0.393,0.264,7.24193539208741e-211
"Kmt5a",6.72980958464583e-215,0.364687448335143,0.47,0.336,1.21668227480812e-210
"Hgfac",1.92389081160089e-214,0.430031216472991,0.362,0.237,3.47820219829326e-210
"Pom121",4.36314517156178e-212,0.352226906252947,0.376,0.25,7.88813015566654e-208
"Prom1",8.28393410514802e-212,0.471751604003302,0.712,0.614,1.49765244686971e-207
"Uso1",2.39744203482837e-211,0.35631215980907,0.344,0.221,4.33433545476622e-207
"Tmem214",1.33930731585464e-210,0.340905808593179,0.396,0.266,2.42133369633361e-206
"Gak",1.07197667297453e-209,0.331814127242076,0.506,0.37,1.93802662707065e-205
"Pds5a",2.81965447347118e-209,0.33277283164346,0.544,0.408,5.09765332258855e-205
"Ssh1",3.40295929093717e-209,0.357226007778511,0.313,0.195,6.15221010208532e-205
"Arpc1b",1.90741611881522e-208,0.352673234615468,0.557,0.428,3.44841760120604e-204
"Ift81",2.15832041528392e-208,0.344321585545742,0.325,0.204,3.9020274787918e-204
"Ift172",1.23850574162147e-205,0.353870687092215,0.291,0.176,2.23909453027745e-201
"Rell1",1.55181800313233e-205,0.358411939432199,0.417,0.289,2.80553176786295e-201
"Fbxl5",6.63093814203466e-203,0.345388380174246,0.493,0.36,1.19880730669845e-198
"Depdc5",2.24910729378103e-201,0.337932662894321,0.412,0.285,4.06616107642673e-197
"Vsig10",3.46653288465024e-201,0.318893532662421,0.647,0.518,6.26714480215916e-197
"Ddx54",4.02946216599853e-200,0.341278759364228,0.401,0.275,7.28486464990875e-196
"Get4",4.53009689050485e-200,0.342385520083282,0.385,0.26,8.18996216834372e-196
"Sbno1",1.66802797965225e-199,0.339237019246857,0.337,0.219,3.0156277844133e-195
"Zfand2a",1.1586470155324e-198,0.414299747182923,0.266,0.158,2.09471793938103e-194
"Ddx55",3.20281379029696e-197,0.329790066752644,0.342,0.223,5.79036705147788e-193
"Prkag2",2.40473067609312e-196,0.35471308249092,0.35,0.231,4.34751258930875e-192
"Pdap1",2.97630447686915e-196,0.323989389261546,0.534,0.401,5.38086086373174e-192
"Cux1",4.02584455968353e-196,0.310573857885995,0.745,0.63,7.27832437945186e-192
"Tmem165",3.83221367173365e-194,0.326363473797615,0.31,0.196,6.92825909712726e-190
"Pptc7",1.1288800365333e-193,0.336091368206322,0.304,0.191,2.04090221804856e-189
"Znhit1",3.43300516972759e-193,0.321480015812166,0.388,0.264,6.20653004635051e-189
"Cwh43",5.94864175478768e-193,0.44661422837915,0.261,0.158,1.07545494284807e-188
"Zfp512",4.80073217031565e-192,0.342182230915211,0.273,0.165,8.67924369071366e-188
"Wipi2",6.79172529290915e-192,0.306277785136115,0.488,0.355,1.22787601570505e-187
"Nsd2",1.29120863530789e-191,0.3881651041759,0.441,0.318,2.33437609177314e-187
"Iqce",1.24314396662582e-190,0.333621398717463,0.304,0.191,2.24747997726283e-186
"Lcorl",2.80329965425236e-190,0.353221779717692,0.333,0.218,5.06808544492285e-186
"Taok3",1.0339526167418e-189,0.308575064728661,0.474,0.341,1.8692829358075e-185
"Polr1d",6.43161392133535e-189,0.323963070136607,0.452,0.326,1.16277148083822e-184
"Rsbn1l",1.70370291769947e-188,0.343221266953988,0.389,0.268,3.08012450490888e-184
"Ptpn11",1.4816920898341e-187,0.32531808825502,0.352,0.235,2.67875112921107e-183
"Acox3",1.73594762491153e-187,0.334658578807626,0.324,0.21,3.13841971107756e-183
"Snx17",3.50641319253688e-186,0.323678646060725,0.365,0.246,6.33924441078743e-182
"Nelfa",5.02562904603988e-186,0.322818749342866,0.308,0.197,9.0858347523355e-182
"Dcun1d4",3.2141655029427e-184,0.330474761059549,0.271,0.165,5.8108898127701e-180
"Zkscan1",1.42052939480198e-183,0.315293905409978,0.404,0.283,2.56817509286251e-179
"Gnb2",2.67254014278361e-183,0.311617824197962,0.375,0.257,4.83168532413848e-179
"Cdh13",3.9381908116976e-183,0.376652222418341,0.395,0.277,7.11985516846809e-179
"Ppp1cb",8.34158105590337e-182,0.301766779024629,0.511,0.385,1.50807443909677e-177
"Plod3",1.12806618895617e-181,0.326763347128123,0.389,0.269,2.03943086301385e-177
"Mpv17",7.8331935855982e-181,0.316231806045038,0.288,0.181,1.4161630683403e-176
"Zfp68",8.7267922320462e-181,0.303304666180143,0.284,0.177,1.57771676763163e-176
"Rfc1",1.78645630091927e-180,0.318373843495906,0.297,0.189,3.22973434643195e-176
"Ltbp3",1.52731386881182e-179,0.328527956545944,0.551,0.423,2.76123074342489e-175
"Rab28",1.4909671572043e-178,0.312147772487646,0.313,0.202,2.69551952350965e-174
"Ttyh3",3.61029800329055e-178,0.338083275858368,0.473,0.351,6.52705776014898e-174
"Stx1a",6.20780830366123e-176,0.321457969118551,0.413,0.291,1.12230966321891e-171
"Tbc1d19",2.96109597001517e-175,0.323294630767088,0.276,0.172,5.35336540419042e-171
"Tnip2",6.09086085278078e-175,0.321587562021851,0.475,0.35,1.10116673357424e-170
"N4bp2l2",4.87315186847058e-174,0.295056285568843,0.396,0.277,8.81017126300795e-170
"Gtf3a",9.3926250226895e-174,0.311007628298291,0.305,0.197,1.69809267785203e-169
"Rnf6",1.04456567949691e-173,0.307335358802329,0.394,0.275,1.88847029196247e-169
"Zcchc8",1.07415425250346e-173,0.319584808768491,0.365,0.25,1.941963473101e-169
"Map11",1.7848511902959e-173,0.312793884277215,0.375,0.259,3.22683246693596e-169
"Slc8b1",3.04772928000387e-173,0.326185381654855,0.319,0.209,5.509989765319e-169
"Anxa3",4.04762887218879e-173,0.379898473674844,0.843,0.81,7.31770823803011e-169
"Ptprs",4.34944447666152e-173,0.297684543364985,0.662,0.548,7.86336066935636e-169
"Dok7",4.1282864100186e-172,0.421262548763536,0.321,0.215,7.46352900067262e-168
"Uvssa",4.37935729309292e-172,0.322655731158159,0.347,0.236,7.9174400501827e-168
"Rbm47",1.8711432511059e-171,0.314282662492326,0.504,0.383,3.38283988367435e-167
"Micall2",1.48710512979474e-170,0.329186899186844,0.258,0.159,2.68853736415592e-166
"Slc30a9",9.41412232353178e-170,0.304402273596984,0.301,0.194,1.70197917487131e-165
"Pmpcb",1.17155017980423e-168,0.305193493156853,0.359,0.247,2.11804557006807e-164
"Ociad1",6.11216332220069e-168,0.296335696795987,0.357,0.243,1.10501800702066e-163
"Selenoi",1.95104990476106e-167,0.312316208530515,0.346,0.236,3.52730312281752e-163
"Crot",4.3989133889662e-167,0.311427499787443,0.299,0.193,7.95279551591199e-163
"Eif4h",3.42257929676199e-166,0.291886415579642,0.404,0.288,6.18768111061601e-162
"Ap5z1",3.55359463034589e-166,0.304434100795209,0.372,0.259,6.42454373220233e-162
"Cdk6",1.68238065908268e-165,0.356328590245776,0.579,0.464,3.04157599355558e-161
"Rheb",3.09520601218176e-165,0.300522522019488,0.302,0.197,5.59582294942341e-161
"Sel1l3",3.3635666475116e-165,0.336276190060087,0.385,0.274,6.08099214203622e-161
"Paxip1",4.17262643316509e-165,0.314690163180096,0.368,0.257,7.54369132851917e-161
"Chic2",1.41931491234547e-164,0.292606067698589,0.421,0.302,2.56597943002938e-160
"Helq",1.58561725680753e-164,0.327664760014001,0.268,0.169,2.86663743858234e-160
"Mgp",1.58645600086653e-164,0.412051349229997,0.746,0.669,2.86815380396659e-160
"Slc35f6",3.26208978629997e-162,0.312797523907546,0.257,0.161,5.89753212465171e-158
"Sgsm1",2.45568820751931e-161,0.321627777459625,0.258,0.162,4.43963871037416e-157
"Ankrd13a",2.88380212588597e-161,0.298111311075085,0.294,0.191,5.21362586338925e-157
"Sh3bp2",7.42577267402284e-161,0.321855957392195,0.277,0.176,1.34250544173659e-156
"Stx18",7.53943559851538e-160,0.30763721825135,0.287,0.186,1.36305456185559e-155
"Ccz1",6.8144157261231e-159,0.295462129730463,0.344,0.236,1.23197821912579e-154
"Ubc",1.64783354090873e-158,0.307973958195531,0.486,0.368,2.97911825860889e-154
"Prss32",6.47885636439679e-158,-0.46949980066433,0.178,0.271,1.1713124421193e-153
"Anapc7",1.218282686863e-157,0.293631459544071,0.348,0.239,2.20253326957961e-153
"Eppk1",3.39471624839631e-157,-0.5946715061431,0.519,0.59,6.13730750547569e-153
"Ap1s1",5.73791609228756e-157,0.288223747181913,0.425,0.31,1.03735785032467e-152
"Ivns1abp",5.89752885162187e-157,-0.445177958676621,0.535,0.613,1.06621424108472e-152
"Pcgf3",1.88685163416607e-156,0.283763983710103,0.361,0.25,3.41123906940883e-152
"Rint1",2.8448569991641e-156,0.30253788890399,0.373,0.262,5.14321696878877e-152
"Mfsd10",5.74912782314513e-156,0.289679746259639,0.351,0.243,1.03938481914641e-151
"Ankle2",1.82725705723433e-155,0.285251308581086,0.287,0.186,3.30349803377394e-151
"Ubl3",8.52534130009298e-154,0.286053164078317,0.338,0.233,1.54129645364381e-149
"Psmc2",1.42334123686625e-153,0.281738302178558,0.275,0.176,2.5732586221305e-149
"Hopx",1.09252952477636e-151,0.343731508540283,0.614,0.511,1.97518412784319e-147
"Nom1",1.71150010862122e-151,0.285806586505825,0.319,0.216,3.09422104637631e-147
"Yes1",9.65965286450026e-151,0.283021961640868,0.38,0.269,1.746368641373e-146
"Ap4m1",1.69387241686374e-150,0.280640683666155,0.315,0.212,3.06235194244795e-146
"Mospd3",6.2777803974527e-150,0.294331581893827,0.281,0.185,1.13495991805547e-145
"Clock",2.21635076906671e-149,0.276421397671868,0.468,0.353,4.00694055539571e-145
"Aacs",2.49735581926725e-148,0.316999294569868,0.31,0.211,4.51496958565327e-144
"Naa25",5.51312084831727e-148,0.292383759530971,0.286,0.189,9.96717118167279e-144
"Hmgb1",6.65562168278127e-148,0.29774379328583,0.345,0.241,1.20326984403003e-143
"Med28",1.57191163312113e-147,0.284297181051581,0.341,0.237,2.84185904151968e-143
"Eif2b4",2.46579091104395e-147,0.284998950164053,0.287,0.189,4.45790338807636e-143
"Zfp513",3.62846397332443e-147,0.281088145789317,0.29,0.192,6.55990001737324e-143
"Myo15b",1.92679741820677e-146,-0.572009760531544,0.346,0.442,3.48345705237602e-142
"Aff1",1.04259818761232e-145,0.277992696332918,0.421,0.312,1.88491326338431e-141
"Cenpc1",5.51148430247245e-145,0.288454600379633,0.326,0.225,9.96421247043995e-141
"Pitpnb",1.24369467609892e-144,0.272640799659605,0.313,0.213,2.24847560491923e-140
"Ppm1g",1.82761866492321e-144,0.297366181871092,0.342,0.24,3.30415178431466e-140
"Slc15a4",3.80425665033659e-144,0.268766544642537,0.356,0.25,6.87771559814352e-140
"Ephb4",9.98090134172863e-144,0.262719337084904,0.691,0.583,1.80444715357112e-139
"Fam133b",1.69269361477477e-143,0.283911459614248,0.312,0.212,3.06022078615131e-139
"Mapk13",3.12608297289367e-143,-0.367836783880803,0.587,0.648,5.65164540669447e-139
"Afap1",1.02550685702512e-141,0.310080654858415,0.345,0.244,1.85401384681572e-137
"Atp1b1",1.03908033086683e-140,-0.32769761091487,0.923,0.941,1.87855333017414e-136
"Kif12",1.36516810630822e-140,-0.417270000309269,0.396,0.491,2.46808741939463e-136
"Pgm2",4.88906446827109e-140,0.280692853087505,0.358,0.255,8.8389396521873e-136
"Hnrnpdl",7.14529683455894e-140,0.268362375790281,0.405,0.297,1.29179821471991e-135
"Pigr",3.16026540374184e-138,-0.483087438956156,0.372,0.462,5.71344382342488e-134
"Ptpn13",1.10095661018644e-137,0.322205416072764,0.447,0.342,1.99041945555607e-133
"Gbp8",5.88702854575679e-137,0.556364575792061,0.322,0.232,1.06431589078737e-132
"Tfip11",5.21415180619762e-136,0.284184944586529,0.301,0.206,9.42666505042468e-132
"Tyw1",1.46252343532075e-135,0.267560870118635,0.349,0.247,2.64409611871638e-131
"Sbds",6.62211842518433e-135,0.265022254519227,0.476,0.366,1.19721279008908e-130
"Hpse",1.8094135823981e-134,0.277762250343902,0.301,0.206,3.27123881561753e-130
"Arap2",2.27402358400544e-134,0.280345919976318,0.314,0.219,4.11120723752344e-130
"Rnf216",2.93413773962169e-134,0.262064811581433,0.34,0.239,5.30462761946206e-130
"Sumf2",3.43154788957136e-134,0.266580082398886,0.264,0.173,6.20389542955607e-130
"Pxn",1.24848824682126e-133,0.264084743169338,0.351,0.251,2.25714190142815e-129
"Rbm5",1.26413096836094e-133,0.269497093519711,0.598,0.492,2.28542237769974e-129
"Nfxl1",1.39454012984931e-133,0.276043545194437,0.331,0.232,2.52118910075457e-129
"Bod1l",4.11402027889863e-133,0.259559660540133,0.31,0.214,7.43773726222083e-129
"Cldn3",1.80671961385871e-132,0.322063314322216,0.699,0.606,3.26636838989517e-128
"Tbc1d14",4.41799771026833e-131,0.264917145774321,0.369,0.267,7.98729806039412e-127
"Trmt44",2.83410617310139e-130,0.259384437052193,0.256,0.168,5.12378055035e-126
"Krit1",1.03016261023268e-129,0.2772635577193,0.263,0.174,1.86243098303966e-125
"Hadha",1.22162128081396e-129,0.255887217523601,0.251,0.164,2.20856911358356e-125
"Gsdmd",1.61083678493791e-129,-0.361738318896363,0.54,0.61,2.91223182348926e-125
"Golga3",3.46176679494734e-128,0.26276264496777,0.294,0.202,6.2585281885853e-124
"Camk2n1",2.154800069856e-127,-0.41910481476584,0.248,0.335,3.89566304629267e-123
"Ptpn12",3.20975589260834e-127,0.270918018897128,0.377,0.276,5.80291767824661e-123
"Ppp1r35",3.37459897428081e-126,0.264197658111559,0.257,0.171,6.10093748560228e-122
"Tmem128",6.23065280313048e-126,0.254019940999123,0.308,0.215,1.12643972027796e-121
"Slain2",1.31740414786669e-125,0.254809926416358,0.275,0.185,2.38173495892819e-121
"Tec",8.4168989007151e-125,0.269575997459246,0.325,0.229,1.52169115226028e-120
"Lamb2",1.65546648646905e-123,0.272785500612443,0.385,0.286,2.99291786088739e-119
"Mpzl2",7.53140106342703e-123,-0.405405760439784,0.352,0.432,1.36160199825697e-118
"Zcchc4",2.24765923502438e-122,0.254585399122046,0.282,0.193,4.06354313100058e-118
"Lgals4",8.61499868266528e-122,-0.266274804381885,0.692,0.759,1.55750561183906e-117
"Nup54",9.80836834893314e-121,0.264368545181303,0.316,0.224,1.77325491380362e-116
"Mxd4",6.06970672029227e-119,0.254969305206137,0.261,0.175,1.09734227796164e-114
"Rfc2",8.38990749603263e-117,0.258991136910336,0.356,0.261,1.51681137620774e-112
"Rufy3",9.62573867833244e-117,0.263116328342751,0.253,0.171,1.74023729565572e-112
"Tspan8",3.6684385292446e-116,-0.368054445578132,0.456,0.527,6.6321700170213e-112
"Map3k20",4.2128076922732e-114,-0.336190648863008,0.221,0.302,7.61633502686072e-110
"Abca1",6.08697245064863e-112,0.262195175800221,0.31,0.22,1.10046374935277e-107
"Mcm7",1.93535045627621e-111,0.285978970896399,0.466,0.37,3.49892008990176e-107
"Clip2",1.90236447384461e-109,0.26385267370166,0.342,0.251,3.43928473226368e-105
"Per3",5.21477221650768e-108,0.278161617460616,0.311,0.226,9.42778669022424e-104
"Lfng",6.67535631041442e-108,0.296684781932097,0.395,0.304,1.20683766735982e-103
"Fam114a1",1.11407489257586e-107,0.275871340573991,0.281,0.199,2.01413599828789e-103
"Ceacam1",1.31187198974806e-106,-0.347301114950808,0.505,0.575,2.37173337026552e-102
"Fgfrl1",7.3082950137022e-106,0.532446638793096,0.305,0.226,1.32126665552722e-101
"Slc6a9",6.06120480568265e-105,0.252743798425128,0.347,0.256,1.09580521681937e-100
"Parp3",1.27943565850784e-104,0.26106089395021,0.26,0.181,2.31309172701633e-100
"Sorbs2",3.67163988799283e-104,-0.339742868955611,0.448,0.518,6.63795775350224e-100
"Oit1",6.47778229368484e-104,-0.393583015487029,0.419,0.491,1.17111826087528e-99
"Ccni",4.23634825239675e-103,0.252597005252941,0.283,0.202,7.65889400550809e-99
"Cdk14",7.13534773175342e-103,0.25799535489231,0.325,0.24,1.2899995164237e-98
"Antxr2",3.14630553211761e-102,0.279477588509789,0.333,0.247,5.68820577151543e-98
"Cdca7",4.3054720463989e-102,-0.302864194232763,0.462,0.535,7.78386291268457e-98
"Slbp",1.1382102171411e-100,0.264311464937089,0.361,0.273,2.0577702515694e-96
"Krt19",5.11056375201131e-99,-0.299635798284997,0.797,0.84,9.23938820726125e-95
"Prox1",6.23999683342088e-97,0.487863717509909,0.253,0.181,1.12812902751416e-92
"Lrig1",1.42394838032973e-96,-0.336019857184608,0.388,0.46,2.57435627679811e-92
"Tmsb4x",1.73028757336875e-96,-0.372632116285525,0.544,0.6,3.12818690389336e-92
"Oas2",2.20731065453602e-96,0.398858834843693,0.449,0.37,3.99059693233567e-92
"Atp8a1",6.79576054807439e-96,0.299546289449851,0.411,0.323,1.22860554948637e-91
"Tcf12",4.37979646183326e-94,0.315701175946323,0.404,0.318,7.91823402334836e-90
"Cldn7",2.7189360697958e-92,-0.299473432824683,0.627,0.671,4.91556452058383e-88
"Tifa",1.73736737472991e-91,-0.355580741195844,0.202,0.273,3.14098647677421e-87
"Ahnak",3.52462765014554e-91,-0.255764931310729,0.672,0.728,6.37217432869812e-87
"Plagl2",5.9242552481956e-91,-0.305824107979623,0.336,0.405,1.07104610632128e-86
"Lrrc31",3.04527151879081e-90,-0.335423692711939,0.399,0.473,5.50554637882191e-86
"Npas2",3.5835541581448e-88,-0.2947212316083,0.242,0.315,6.47870756250998e-84
"Csrp1",3.05718872230831e-87,-0.379331539234249,0.188,0.253,5.5270914910612e-83
"Syt8",1.8158152362482e-86,0.294558914625469,0.391,0.312,3.28281236561311e-82
"Il18",3.21308282784802e-85,0.351326283866159,0.347,0.271,5.80893244446644e-81
"Mettl9",7.73693020687897e-84,0.271556228996597,0.313,0.238,1.39875961210165e-79
"Nebl",5.41646197653772e-83,-0.382073723816972,0.37,0.433,9.79242160738254e-79
"Cxadr",1.38034317746352e-78,-0.256800360452094,0.721,0.749,2.4955224305363e-74
"Limch1",2.04049396154066e-75,0.252695376161957,0.295,0.224,3.68900903306936e-71
"Rnf149",2.46049468784523e-75,-0.302500688838228,0.321,0.386,4.44832834615539e-71
"Lmo7",1.47473229909176e-74,-0.286065213949721,0.525,0.572,2.66616852352799e-70
"Syne4",2.09024639799632e-74,-0.311975587417839,0.32,0.385,3.77895646293754e-70
"Oas3",2.18700354494127e-74,0.309449402710532,0.251,0.187,3.95388370889932e-70
"Mcc",3.97784915952448e-74,-0.290089680391647,0.194,0.257,7.19155349550431e-70
"Krt7",4.46654399099002e-74,-0.295722138106685,0.702,0.722,8.07506488131086e-70
"Gabrp",5.18101305266465e-74,0.332126499474595,0.288,0.221,9.36675349791243e-70
"Slc31a1",6.34635172603286e-74,-0.281726807953419,0.203,0.265,1.14735692854948e-69
"Cfb",1.2866782363963e-73,-0.287742658132026,0.271,0.336,2.32618558358087e-69
"Fn1",1.06506358574845e-72,-0.324862045124524,0.496,0.557,1.92552845667463e-68
"Cftr",1.53882034883272e-72,0.331152951846177,0.253,0.19,2.78203330865468e-68
"Rdh10",1.86283574882214e-72,-0.341861045059932,0.537,0.578,3.36782075029554e-68
"Ly6a",1.7492457231722e-70,0.303372232702909,0.611,0.55,3.16246134292302e-66
"Tns4",3.14626677191498e-70,-0.27269690866016,0.531,0.585,5.6881356969451e-66
"Myh14",1.37709915184927e-63,-0.326360718112154,0.306,0.364,2.48965755662829e-59
"Dkk2",3.87516474108981e-63,-0.390321759753678,0.392,0.44,7.00591033541627e-59
"Sat1",1.00185888484858e-62,-0.358288387978699,0.265,0.321,1.81126067791775e-58
"Ckmt1",4.52774637471735e-62,-0.316102991964997,0.254,0.31,8.18571267085149e-58
"Pglyrp1",7.59355185696856e-62,-0.372726287131645,0.478,0.521,1.37283824022135e-57
"BC016579",1.58609267569084e-61,-0.25442171376189,0.31,0.369,2.86749694838148e-57
"Cldn4",9.87096513580616e-61,0.284872242100975,0.684,0.62,1.7845717869024e-56
"Xbp1",2.01130675903912e-60,-0.315137177896121,0.483,0.527,3.63624148966683e-56
"Muc1",5.38077378833967e-59,-0.293749175091389,0.253,0.308,9.72790093193929e-55
"Adgrg1",1.0761751067309e-57,-0.253710193993289,0.316,0.372,1.94561697545879e-53
"Plch2",3.65723578735533e-57,-0.27346011756532,0.319,0.374,6.6119165799597e-53
"Wars",1.51367534090007e-56,-0.266659480619583,0.294,0.35,2.73657364881324e-52
"Jund",3.21045244936044e-56,-0.317677941959579,0.566,0.609,5.80417698319875e-52
"Igfbp4",5.52972107363664e-56,-0.307164975301325,0.282,0.336,9.99718272902767e-52
"Tnfrsf11a",6.23759857573239e-56,-0.277832679527051,0.305,0.358,1.12769544650666e-51
"Igsf9",1.9451423458625e-54,-0.262433169758726,0.303,0.357,3.51662284708482e-50
"Slc35a3",8.32116949621567e-53,-0.263342974573878,0.42,0.465,1.50438423322083e-48
"Kif13a",2.3077561567177e-52,-0.256597156546169,0.305,0.356,4.17219235572994e-48
"Ppp1r1b",9.50060671208102e-52,-0.283767843792127,0.4,0.446,1.71761468747713e-47
"Misp",3.80689923404607e-50,-0.277806439739222,0.334,0.382,6.88249312523189e-46
"Stk25",2.82725261414241e-48,-0.258587929706249,0.533,0.566,5.11139000110807e-44
"Krt8",5.83041009000268e-45,-0.368279591241123,0.68,0.696,1.05407984017158e-40
"Erich3",6.11502917109736e-45,0.364180529128302,0.434,0.388,1.10553612384269e-40
"Slc39a8",2.02042090215191e-44,-0.299537565851801,0.352,0.394,3.65271894900044e-40
"Ms4a8a",7.45110082277752e-44,-0.259593208301316,0.349,0.399,1.34708451774995e-39
"Etfbkmt",1.2871929816139e-43,-0.252911521505748,0.346,0.392,2.32711619145977e-39
"Oasl2",1.06496668664155e-39,0.271014544107703,0.461,0.41,1.92535327277927e-35
"Tagln2",3.23242181819766e-35,-0.279561231306077,0.375,0.409,5.84389540511955e-31
"Rnd3",2.31348838732173e-34,-0.259347404806622,0.253,0.293,4.18255565543896e-30
"Rhob",9.93119712346347e-32,-0.262666122409125,0.372,0.405,1.79546112795096e-27
"Trp53inp1",1.91823995123857e-30,-0.29089633318806,0.348,0.382,3.46798600784422e-26
"Lrrc45",4.21972756079856e-30,0.28612809089922,0.516,0.469,7.62884545716772e-26
"Flna",5.28610428063745e-25,-0.261617045401873,0.397,0.422,9.55674792896444e-21
"Spp1",5.6955356784282e-25,0.372615371232388,0.686,0.672,1.02969589530303e-20
"S100a10",2.38443909630573e-23,-0.270141262900351,0.373,0.399,4.31082744221114e-19
"Rac3",5.80096768287923e-17,0.348465279642823,0.352,0.324,1.04875694738774e-12
"Lypd8",7.54433663309109e-16,-0.526243880643049,0.245,0.268,1.36394061989654e-11
"Muc2",1.66772961765591e-05,-0.374138150189939,0.26,0.272,0.301508837576012
